Date,Open,Close,Volume
2018-01-01,137.45,132.68,5713
2018-01-02,195.07,190.01,4092
2018-01-03,173.2,181.33,5159
2018-01-04,159.87,154.86,7308
2018-01-05,115.6,111.04,8478
2018-01-06,115.6,120.79,9476
2018-01-07,105.81,104.8,5933
2018-01-08,186.62,192.15,5926
2018-01-09,160.11,151.42,4969
2018-01-10,170.81,170.56,3965
2018-01-11,102.06,92.73,5319
2018-01-12,196.99,188.24,9975
2018-01-13,183.24,191.37,8108
2018-01-14,121.23,114.01,4939
2018-01-15,118.18,118.83,1044
2018-01-16,118.34,116.56,2810
2018-01-17,130.42,127.37,5566
2018-01-18,152.48,160.48,2909
2018-01-19,143.19,133.63,7364
2018-01-20,129.12,132.4,3581
2018-01-21,161.19,170.46,1691
2018-01-22,113.95,115.15,1931
2018-01-23,129.21,137.95,8910
2018-01-24,136.64,127.69,7382
2018-01-25,145.61,143.99,4406
2018-01-26,178.52,173.72,9339
2018-01-27,119.97,124.59,2032
2018-01-28,151.42,161.05,2311
2018-01-29,159.24,154.37,9579
2018-01-30,104.65,107.73,4121
2018-01-31,160.75,154.71,2873
2018-02-01,117.05,118.36,7781
2018-02-02,106.51,105.79,4748
2018-02-03,194.89,204.33,1277
2018-02-04,196.56,198.73,2859
2018-02-05,180.84,177.83,6929
2018-02-06,130.46,122.74,7792
2018-02-07,109.77,102.79,5713
2018-02-08,168.42,162.93,5675
2018-02-09,144.02,139.04,2170
2018-02-10,112.2,119.21,9681
2018-02-11,149.52,150.74,6308
2018-02-12,103.44,103.91,3462
2018-02-13,190.93,183.23,1287
2018-02-14,125.88,133.08,6953
2018-02-15,166.25,170.71,5282
2018-02-16,131.17,122.52,2907
2018-02-17,152.01,156.17,2161
2018-02-18,154.67,155.54,1129
2018-02-19,118.49,110.12,7337
2018-02-20,196.96,196.13,3363
2018-02-21,177.51,177.2,9151
2018-02-22,193.95,187.27,6983
2018-02-23,189.48,198.39,1143
2018-02-24,159.79,166.79,9207
2018-02-25,192.19,195.57,8469
2018-02-26,108.85,108.1,1244
2018-02-27,119.6,117.84,1926
2018-02-28,104.52,107.54,4178
2018-03-01,132.53,133.44,3176
2018-03-02,138.87,130.12,6002
2018-03-03,127.13,127.38,1886
2018-03-04,182.87,189.0,9532
2018-03-05,135.68,134.86,4398
2018-03-06,128.09,119.13,9497
2018-03-07,154.27,160.0,3654
2018-03-08,114.09,108.12,8392
2018-03-09,180.22,175.39,2371
2018-03-10,107.46,100.75,8135
2018-03-11,198.69,195.29,1320
2018-03-12,177.22,182.36,5654
2018-03-13,119.87,120.26,6300
2018-03-14,100.55,94.65,7761
2018-03-15,181.55,189.11,7854
2018-03-16,170.69,178.28,6505
2018-03-17,172.9,180.31,7553
2018-03-18,177.13,171.91,5042
2018-03-19,107.4,106.42,8498
2018-03-20,135.85,145.55,7636
2018-03-21,111.59,117.03,8362
2018-03-22,186.31,176.85,1011
2018-03-23,162.33,153.63,1194
2018-03-24,133.09,132.37,3537
2018-03-25,106.36,114.54,3842
2018-03-26,131.1,131.87,3229
2018-03-27,132.52,132.48,4009
2018-03-28,172.96,165.07,8984
2018-03-29,163.76,166.9,3077
2018-03-30,188.72,195.16,8845
2018-03-31,147.22,144.83,4867
2018-04-01,111.96,117.47,5873
2018-04-02,171.32,180.61,9635
2018-04-03,176.08,170.16,1297
2018-04-04,156.13,156.6,6856
2018-04-05,177.1,172.84,2015
2018-04-06,149.38,155.24,2384
2018-04-07,152.27,153.82,9745
2018-04-08,142.75,145.44,3350
2018-04-09,102.54,108.5,2269
2018-04-10,110.79,108.71,2260
2018-04-11,103.14,111.44,8701
2018-04-12,163.64,164.3,9376
2018-04-13,131.44,124.6,5563
2018-04-14,150.86,154.78,7897
2018-04-15,190.76,196.63,6672
2018-04-16,124.93,121.27,6593
2018-04-17,141.04,148.18,7155
2018-04-18,175.56,183.68,6543
2018-04-19,122.88,118.42,8240
2018-04-20,107.7,117.37,5683
2018-04-21,128.98,121.79,2881
2018-04-22,116.12,110.16,9713
2018-04-23,192.97,186.65,4809
2018-04-24,180.81,188.69,6807
2018-04-25,163.34,166.43,5883
2018-04-26,187.15,180.19,8206
2018-04-27,180.37,179.18,5155
2018-04-28,118.66,120.97,5673
2018-04-29,189.26,180.93,2409
2018-04-30,153.93,161.58,6197
2018-05-01,180.74,186.81,8452
2018-05-02,189.61,189.71,9718
2018-05-03,131.8,141.14,3172
2018-05-04,111.01,109.37,1279
2018-05-05,122.79,132.47,4977
2018-05-06,142.71,146.07,3669
2018-05-07,181.8,184.49,8825
2018-05-08,186.07,179.39,4981
2018-05-09,100.7,108.34,5769
2018-05-10,151.07,149.62,6247
2018-05-11,141.74,134.98,5427
2018-05-12,122.21,112.46,7135
2018-05-13,111.99,113.19,6573
2018-05-14,133.76,134.31,5131
2018-05-15,194.29,198.68,8189
2018-05-16,132.32,140.13,5535
2018-05-17,151.88,143.47,3776
2018-05-18,170.3,174.93,8697
2018-05-19,136.36,130.11,9386
2018-05-20,197.18,204.34,1662
2018-05-21,196.24,202.62,9671
2018-05-22,125.18,126.0,9044
2018-05-23,149.72,153.92,5218
2018-05-24,130.09,126.38,6060
2018-05-25,128.48,127.9,6874
2018-05-26,103.69,110.12,6581
2018-05-27,160.96,160.15,3014
2018-05-28,150.27,147.43,4789
2018-05-29,105.15,105.03,8148
2018-05-30,127.86,134.42,8766
2018-05-31,190.83,187.53,3364
2018-06-01,123.96,117.44,4629
2018-06-02,114.49,118.73,6919
2018-06-03,148.95,155.47,6675
2018-06-04,198.57,190.58,9872
2018-06-05,124.21,119.01,7638
2018-06-06,167.21,160.05,5651
2018-06-07,176.16,173.12,1609
2018-06-08,123.76,122.77,8940
2018-06-09,172.82,177.8,4866
2018-06-10,136.78,139.8,1371
2018-06-11,163.23,165.65,7998
2018-06-12,163.35,160.4,1615
2018-06-13,153.58,160.41,7911
2018-06-14,109.03,108.46,7010
2018-06-15,183.53,193.11,3253
2018-06-16,132.08,134.76,5942
2018-06-17,118.65,111.18,1864
2018-06-18,104.08,107.6,2268
2018-06-19,159.09,155.59,8454
2018-06-20,167.76,171.49,9976
2018-06-21,101.66,93.05,5571
2018-06-22,151.21,144.71,6229
2018-06-23,122.65,129.76,3237
2018-06-24,164.52,159.06,5054
2018-06-25,117.44,124.18,1935
2018-06-26,169.09,164.68,7394
2018-06-27,138.67,141.53,8891
2018-06-28,193.67,197.55,1325
2018-06-29,113.75,114.0,8774
2018-06-30,134.11,130.22,4861
2018-07-01,111.35,105.6,2985
2018-07-02,192.47,183.13,5932
2018-07-03,187.73,183.81,5603
2018-07-04,125.79,128.85,3778
2018-07-05,166.0,174.77,9832
2018-07-06,181.72,189.14,8754
2018-07-07,155.52,160.84,5078
2018-07-08,152.97,158.74,2367
2018-07-09,124.19,127.49,5042
2018-07-10,109.31,104.52,3575
2018-07-11,189.72,197.86,7754
2018-07-12,190.04,193.45,2581
2018-07-13,163.31,164.52,2986
2018-07-14,133.9,126.12,3240
2018-07-15,134.92,133.86,4966
2018-07-16,172.6,171.81,8604
2018-07-17,189.71,197.0,9320
2018-07-18,188.71,189.64,6968
2018-07-19,177.99,175.6,8493
2018-07-20,164.2,173.74,5103
2018-07-21,108.41,100.62,3076
2018-07-22,116.16,114.61,6231
2018-07-23,189.86,180.7,3994
2018-07-24,160.64,165.44,4744
2018-07-25,100.92,109.28,6594
2018-07-26,110.15,105.75,8531
2018-07-27,166.35,173.52,8371
2018-07-28,100.51,96.35,2644
2018-07-29,116.08,124.3,4144
2018-07-30,154.87,159.95,1242
2018-07-31,169.19,175.29,5085
2018-08-01,165.2,155.56,8954
2018-08-02,122.43,131.69,8269
2018-08-03,171.22,175.75,8130
2018-08-04,123.72,119.82,7828
2018-08-05,132.54,139.13,9362
2018-08-06,174.65,170.28,9844
2018-08-07,164.96,172.42,7331
2018-08-08,184.92,177.17,4512
2018-08-09,165.76,169.83,2499
2018-08-10,156.83,157.64,3158
2018-08-11,109.37,101.3,6162
2018-08-12,136.77,131.61,5039
2018-08-13,126.52,116.77,3035
2018-08-14,124.4,123.78,8977
2018-08-15,197.3,193.33,1857
2018-08-16,139.31,141.28,4823
2018-08-17,189.2,185.14,7770
2018-08-18,163.11,159.11,1298
2018-08-19,179.48,184.34,8244
2018-08-20,150.26,141.22,1923
2018-08-21,157.69,165.75,5232
2018-08-22,149.25,156.3,5306
2018-08-23,119.52,122.88,3799
2018-08-24,172.25,174.11,7578
2018-08-25,128.08,135.93,5875
2018-08-26,102.43,96.14,6326
2018-08-27,164.55,156.13,7582
2018-08-28,117.71,112.5,2802
2018-08-29,194.05,199.94,3657
2018-08-30,195.39,186.08,4346
2018-08-31,191.49,193.15,3949
2018-09-01,137.02,146.93,1941
2018-09-02,101.55,108.66,2907
2018-09-03,192.83,193.26,5837
2018-09-04,142.82,134.09,9105
2018-09-05,196.67,203.3,2243
2018-09-06,196.36,198.34,6696
2018-09-07,185.3,177.6,2466
2018-09-08,129.44,121.32,4957
2018-09-09,138.51,146.7,2966
2018-09-10,185.11,188.49,1375
2018-09-11,131.69,138.28,1262
2018-09-12,116.95,124.53,5362
2018-09-13,155.68,157.12,7502
2018-09-14,193.62,193.97,8833
2018-09-15,169.6,168.21,2893
2018-09-16,157.01,153.35,9106
2018-09-17,109.72,108.41,2652
2018-09-18,161.5,166.98,6540
2018-09-19,199.01,201.05,4892
2018-09-20,114.01,121.86,1599
2018-09-21,151.83,150.7,5815
2018-09-22,187.74,189.88,2912
2018-09-23,174.08,176.71,9792
2018-09-24,169.7,171.53,9572
2018-09-25,170.25,174.3,5213
2018-09-26,135.95,130.7,4637
2018-09-27,129.36,129.61,6599
2018-09-28,180.94,173.02,7448
2018-09-29,181.01,178.7,9557
2018-09-30,186.71,186.46,8382
2018-10-01,191.32,194.36,9982
2018-10-02,151.13,160.14,4569
2018-10-03,150.15,152.16,8707
2018-10-04,179.83,184.7,1746
2018-10-05,165.0,165.13,9504
2018-10-06,170.2,172.88,5633
2018-10-07,179.58,171.0,1920
2018-10-08,189.0,184.09,8008
2018-10-09,133.8,131.04,3381
2018-10-10,137.56,137.01,4618
2018-10-11,109.4,100.31,9989
2018-10-12,157.83,150.63,5443
2018-10-13,103.59,99.13,1272
2018-10-14,146.56,155.99,2773
2018-10-15,154.26,150.89,3547
2018-10-16,128.65,128.29,4164
2018-10-17,159.08,153.0,5780
2018-10-18,103.05,105.27,1946
2018-10-19,103.73,99.34,1506
2018-10-20,182.26,176.4,7719
2018-10-21,136.02,136.35,9435
2018-10-22,112.71,102.82,9697
2018-10-23,152.22,142.37,7360
2018-10-24,177.0,171.38,8657
2018-10-25,121.58,112.31,4590
2018-10-26,162.29,154.45,2192
2018-10-27,108.53,105.31,2464
2018-10-28,105.17,111.22,1390
2018-10-29,153.14,154.58,6615
2018-10-30,154.06,154.31,7106
2018-10-31,163.74,159.61,9864
2018-11-01,172.61,181.25,3560
2018-11-02,197.59,195.53,6867
2018-11-03,151.63,143.37,2211
2018-11-04,132.3,134.64,2539
2018-11-05,179.52,171.8,1643
2018-11-06,127.08,123.98,9693
2018-11-07,143.9,144.05,9921
2018-11-08,107.85,115.33,2283
2018-11-09,102.54,102.41,8680
2018-11-10,196.26,200.31,8345
2018-11-11,183.6,193.46,5386
2018-11-12,169.6,162.23,1919
2018-11-13,140.9,136.39,3339
2018-11-14,117.33,115.22,9947
2018-11-15,115.64,114.08,6930
2018-11-16,125.02,123.24,6402
2018-11-17,154.92,163.07,6663
2018-11-18,171.46,175.74,6275
2018-11-19,166.02,168.18,1507
2018-11-20,127.99,124.18,2436
2018-11-21,195.49,201.97,9750
2018-11-22,173.79,182.89,8354
2018-11-23,155.44,161.86,5516
2018-11-24,161.17,151.2,4622
2018-11-25,141.96,144.69,5399
2018-11-26,124.77,115.79,6037
2018-11-27,135.6,130.75,9111
2018-11-28,175.78,166.97,4715
2018-11-29,101.44,103.52,8837
2018-11-30,111.61,115.34,2301
2018-12-01,104.6,96.89,8370
2018-12-02,104.07,101.75,6185
2018-12-03,185.55,184.67,3155
2018-12-04,170.37,167.75,7411
2018-12-05,147.42,139.84,7365
2018-12-06,109.78,108.16,1692
2018-12-07,149.16,154.18,2478
2018-12-08,147.35,138.77,7396
2018-12-09,117.32,108.92,9448
2018-12-10,143.39,140.49,1441
2018-12-11,139.85,148.68,3646
2018-12-12,161.59,164.96,6209
2018-12-13,163.51,167.08,7533
2018-12-14,104.53,101.77,5677
2018-12-15,137.46,139.33,8211
2018-12-16,162.59,152.79,3645
2018-12-17,150.31,153.03,9210
2018-12-18,185.65,193.92,8933
2018-12-19,165.87,168.12,6476
2018-12-20,116.29,123.76,8928
2018-12-21,107.06,111.54,3080
2018-12-22,164.24,156.65,7089
2018-12-23,102.65,110.7,8396
2018-12-24,158.58,149.91,8797
2018-12-25,194.02,194.7,1861
2018-12-26,157.55,150.39,9346
2018-12-27,138.82,129.05,4494
2018-12-28,164.33,162.77,1904
2018-12-29,145.83,141.73,2269
2018-12-30,154.56,154.28,1404
2018-12-31,194.15,195.69,2184
2019-01-01,138.61,129.48,9938
2019-01-02,196.12,188.58,2725
2019-01-03,190.54,191.71,9462
2019-01-04,119.58,116.44,6811
2019-01-05,106.94,111.52,6606
2019-01-06,110.08,113.13,4956
2019-01-07,101.82,108.73,1171
2019-01-08,109.44,113.29,9465
2019-01-09,168.3,166.9,3306
2019-01-10,107.12,110.58,1421
2019-01-11,131.9,127.41,6540
2019-01-12,184.49,180.62,5675
2019-01-13,102.33,108.11,7748
2019-01-14,181.45,180.38,7103
2019-01-15,128.19,134.16,2473
2019-01-16,111.82,118.27,4243
2019-01-17,169.67,176.82,3181
2019-01-18,162.89,171.22,4096
2019-01-19,187.75,186.37,7646
2019-01-20,173.51,169.89,6882
2019-01-21,180.35,181.99,6982
2019-01-22,128.2,125.62,6798
2019-01-23,117.74,119.76,9415
2019-01-24,175.06,179.17,9411
2019-01-25,180.68,184.45,9456
2019-01-26,199.05,196.54,5524
2019-01-27,141.26,134.6,7559
2019-01-28,137.2,135.81,8620
2019-01-29,177.64,170.49,3774
2019-01-30,134.08,141.88,6673
2019-01-31,193.08,190.0,4124
2019-02-01,185.84,178.93,9671
2019-02-02,142.9,133.41,2353
2019-02-03,175.09,178.01,4854
2019-02-04,175.45,178.19,9134
2019-02-05,110.31,107.12,1924
2019-02-06,190.26,181.69,3170
2019-02-07,150.53,148.72,6506
2019-02-08,182.65,178.87,3395
2019-02-09,132.0,135.54,9220
2019-02-10,189.55,191.67,9226
2019-02-11,138.92,136.21,6515
2019-02-12,101.08,95.44,3670
2019-02-13,190.54,200.3,4365
2019-02-14,109.13,108.21,1588
2019-02-15,131.93,135.7,4138
2019-02-16,195.01,187.82,7663
2019-02-17,195.06,194.77,5086
2019-02-18,157.34,147.89,9531
2019-02-19,163.18,163.29,5270
2019-02-20,144.84,154.12,7019
2019-02-21,129.32,127.0,1556
2019-02-22,132.87,123.65,9022
2019-02-23,167.25,157.87,6452
2019-02-24,175.24,173.0,4567
2019-02-25,179.16,172.36,4899
2019-02-26,178.96,169.43,7477
2019-02-27,109.12,114.24,8500
2019-02-28,149.44,148.61,2016
2019-03-01,105.76,101.54,7470
2019-03-02,154.95,162.95,3062
2019-03-03,144.15,136.47,5321
2019-03-04,188.77,197.89,4496
2019-03-05,135.09,131.37,2813
2019-03-06,111.71,119.48,7256
2019-03-07,114.3,116.36,3313
2019-03-08,176.15,182.68,2231
2019-03-09,161.82,171.5,6831
2019-03-10,110.11,105.88,3999
2019-03-11,108.41,117.63,4440
2019-03-12,170.1,167.89,5056
2019-03-13,107.28,104.99,1305
2019-03-14,182.19,179.0,2689
2019-03-15,170.62,171.45,4917
2019-03-16,108.13,101.21,8080
2019-03-17,108.48,109.55,9611
2019-03-18,198.66,199.49,3936
2019-03-19,137.43,142.67,4862
2019-03-20,137.06,143.73,6649
2019-03-21,181.28,180.09,4261
2019-03-22,194.72,190.77,2819
2019-03-23,198.6,193.79,2342
2019-03-24,175.34,169.23,6560
2019-03-25,137.63,128.78,3226
2019-03-26,108.35,105.2,2079
2019-03-27,177.71,173.11,5206
2019-03-28,155.84,165.17,7280
2019-03-29,142.42,143.57,8235
2019-03-30,190.64,187.59,1813
2019-03-31,111.12,112.73,6089
2019-04-01,149.26,142.04,3031
2019-04-02,101.14,100.02,9514
2019-04-03,146.87,149.39,6911
2019-04-04,105.63,105.41,3653
2019-04-05,111.88,109.92,4340
2019-04-06,111.75,121.63,8876
2019-04-07,164.92,172.53,2141
2019-04-08,174.6,177.07,9558
2019-04-09,158.34,159.73,3897
2019-04-10,196.22,198.63,5041
2019-04-11,137.49,131.52,3038
2019-04-12,128.57,126.47,5270
2019-04-13,186.86,177.65,5683
2019-04-14,122.36,121.87,1494
2019-04-15,196.32,197.18,8116
2019-04-16,101.22,95.77,2784
2019-04-17,196.99,206.27,4510
2019-04-18,104.32,112.51,4786
2019-04-19,189.11,193.55,6266
2019-04-20,152.77,153.44,6428
2019-04-21,199.3,206.7,7681
2019-04-22,107.38,99.99,7893
2019-04-23,155.39,161.2,5658
2019-04-24,196.93,189.43,8082
2019-04-25,152.31,158.19,7869
2019-04-26,162.94,158.46,8607
2019-04-27,169.57,177.11,8669
2019-04-28,145.45,154.33,7219
2019-04-29,162.76,155.74,5534
2019-04-30,158.43,157.68,6979
2019-05-01,190.12,199.74,9890
2019-05-02,104.54,104.21,2312
2019-05-03,128.1,135.37,3962
2019-05-04,195.04,196.81,3938
2019-05-05,189.03,186.54,4197
2019-05-06,145.57,141.29,6296
2019-05-07,162.01,156.07,8204
2019-05-08,127.74,132.98,6730
2019-05-09,118.81,116.54,1126
2019-05-10,146.37,146.6,6602
2019-05-11,135.34,135.19,2191
2019-05-12,158.37,159.92,3639
2019-05-13,107.77,115.08,2366
2019-05-14,197.44,207.05,7453
2019-05-15,198.62,196.77,7671
2019-05-16,169.82,176.37,7683
2019-05-17,153.61,158.9,5539
2019-05-18,130.95,132.42,9876
2019-05-19,181.38,190.5,3887
2019-05-20,168.47,162.48,5086
2019-05-21,116.26,108.45,3261
2019-05-22,191.09,198.17,5180
2019-05-23,182.25,181.03,3841
2019-05-24,194.98,201.92,7040
2019-05-25,172.57,180.43,4560
2019-05-26,161.34,152.59,5758
2019-05-27,141.82,149.49,1626
2019-05-28,193.27,192.24,6014
2019-05-29,186.61,186.82,2375
2019-05-30,104.52,107.05,2181
2019-05-31,102.64,111.17,6708
2019-06-01,137.65,128.03,1490
2019-06-02,181.06,180.6,4729
2019-06-03,198.73,202.48,6974
2019-06-04,115.04,119.49,4534
2019-06-05,159.41,163.26,4296
2019-06-06,138.09,130.78,2940
2019-06-07,196.99,192.98,6014
2019-06-08,184.21,181.38,2882
2019-06-09,183.83,189.92,5908
2019-06-10,146.87,142.45,3987
2019-06-11,141.48,135.69,6585
2019-06-12,127.34,136.49,4159
2019-06-13,105.64,95.82,5530
2019-06-14,186.47,196.43,1681
2019-06-15,181.29,184.83,6254
2019-06-16,199.97,206.54,2073
2019-06-17,199.66,195.55,3387
2019-06-18,155.54,145.83,3693
2019-06-19,176.9,181.66,5340
2019-06-20,194.48,201.16,3156
2019-06-21,184.96,189.77,8966
2019-06-22,124.73,117.59,3580
2019-06-23,145.05,150.12,8257
2019-06-24,112.92,118.3,3159
2019-06-25,195.41,198.58,7772
2019-06-26,160.62,165.94,2627
2019-06-27,122.86,129.78,9219
2019-06-28,167.17,169.44,8080
2019-06-29,161.81,153.58,2985
2019-06-30,135.82,135.57,9488
2019-07-01,111.36,102.91,3181
2019-07-02,167.16,165.31,3296
2019-07-03,152.03,150.17,8164
2019-07-04,177.23,168.55,3597
2019-07-05,152.02,149.0,1901
2019-07-06,185.22,177.44,7060
2019-07-07,155.19,161.35,2677
2019-07-08,156.09,165.04,3881
2019-07-09,187.67,179.12,6622
2019-07-10,140.35,149.45,9052
2019-07-11,113.4,113.85,2378
2019-07-12,102.88,98.87,2248
2019-07-13,175.51,167.05,6650
2019-07-14,162.03,162.04,7079
2019-07-15,170.41,176.3,8036
2019-07-16,121.3,125.44,7487
2019-07-17,113.64,104.64,2058
2019-07-18,101.45,92.91,3048
2019-07-19,135.06,133.12,7115
2019-07-20,158.99,154.9,5248
2019-07-21,139.22,133.87,3476
2019-07-22,143.75,139.37,5603
2019-07-23,190.42,196.49,4553
2019-07-24,134.83,143.41,1220
2019-07-25,151.4,149.5,5818
2019-07-26,178.37,186.49,8192
2019-07-27,139.65,136.08,5623
2019-07-28,162.21,161.74,8349
2019-07-29,186.24,180.76,6618
2019-07-30,194.95,197.76,8209
2019-07-31,114.71,124.29,5576
2019-08-01,192.66,194.73,2871
2019-08-02,149.21,146.37,8915
2019-08-03,125.82,128.78,2462
2019-08-04,145.91,138.37,6521
2019-08-05,198.0,205.77,9536
2019-08-06,149.26,149.32,9236
2019-08-07,132.88,131.87,8813
2019-08-08,163.34,165.06,3068
2019-08-09,124.01,126.51,6753
2019-08-10,107.59,99.03,8237
2019-08-11,112.89,116.54,8016
2019-08-12,112.8,107.64,7191
2019-08-13,115.19,119.47,2514
2019-08-14,113.88,120.33,3598
2019-08-15,164.09,170.17,2001
2019-08-16,118.19,119.24,2033
2019-08-17,134.57,134.97,7899
2019-08-18,189.68,182.54,9465
2019-08-19,147.4,152.91,6051
2019-08-20,166.76,162.19,5476
2019-08-21,117.23,117.16,1478
2019-08-22,119.23,114.92,1515
2019-08-23,104.09,96.77,2191
2019-08-24,116.89,119.48,7297
2019-08-25,127.86,118.95,1271
2019-08-26,117.7,122.67,9334
2019-08-27,108.87,105.22,8778
2019-08-28,112.06,102.06,7008
2019-08-29,146.08,146.3,8987
2019-08-30,120.63,111.57,4332
2019-08-31,136.43,131.95,1787
2019-09-01,150.34,154.48,7222
2019-09-02,169.04,160.29,1622
2019-09-03,103.93,110.72,4841
2019-09-04,179.94,170.02,4676
2019-09-05,162.79,157.73,3572
2019-09-06,108.18,113.0,7915
2019-09-07,187.36,183.69,6033
2019-09-08,192.09,184.13,8788
2019-09-09,106.11,103.31,6214
2019-09-10,127.69,123.1,5712
2019-09-11,180.62,187.47,1066
2019-09-12,174.83,171.1,8533
2019-09-13,118.45,124.23,5616
2019-09-14,120.93,128.77,2140
2019-09-15,137.05,135.73,6730
2019-09-16,148.45,156.65,8465
2019-09-17,161.83,159.38,5471
2019-09-18,136.89,146.17,4339
2019-09-19,146.25,138.04,1548
2019-09-20,174.75,178.49,8675
2019-09-21,103.67,103.55,9264
2019-09-22,125.24,122.99,1198
2019-09-23,171.33,173.98,1571
2019-09-24,189.52,193.6,1790
2019-09-25,151.17,141.26,2174
2019-09-26,153.21,146.55,1178
2019-09-27,110.72,114.98,3244
2019-09-28,144.74,148.07,5086
2019-09-29,153.26,162.58,1734
2019-09-30,124.25,129.47,7232
2019-10-01,126.92,135.94,1798
2019-10-02,137.73,141.78,8601
2019-10-03,102.01,97.97,9979
2019-10-04,132.21,124.32,3795
2019-10-05,121.14,126.78,5588
2019-10-06,132.75,135.63,8297
2019-10-07,111.98,102.94,4084
2019-10-08,189.05,186.25,1731
2019-10-09,159.36,168.5,2129
2019-10-10,167.91,167.92,2605
2019-10-11,178.92,177.57,3933
2019-10-12,149.84,148.99,9516
2019-10-13,108.69,102.87,6074
2019-10-14,153.71,151.08,8099
2019-10-15,158.68,156.08,2490
2019-10-16,174.54,165.59,1893
2019-10-17,143.17,148.52,2390
2019-10-18,112.76,111.09,4389
2019-10-19,128.38,134.82,5239
2019-10-20,136.31,143.32,5479
2019-10-21,164.59,158.83,3263
2019-10-22,157.08,160.23,4432
2019-10-23,135.61,135.06,3371
2019-10-24,198.65,206.25,5312
2019-10-25,160.58,154.89,2515
2019-10-26,123.72,127.28,7326
2019-10-27,110.18,112.34,8088
2019-10-28,115.29,111.2,6586
2019-10-29,124.6,117.33,3917
2019-10-30,116.07,119.1,6731
2019-10-31,118.66,123.43,8686
2019-11-01,128.51,124.82,2167
2019-11-02,117.34,120.24,9302
2019-11-03,189.68,187.58,6109
2019-11-04,108.02,112.28,5327
2019-11-05,152.45,146.43,6810
2019-11-06,141.04,148.84,4655
2019-11-07,198.24,193.99,4793
2019-11-08,111.2,108.56,7738
2019-11-09,139.79,130.95,2577
2019-11-10,196.95,189.18,3220
2019-11-11,186.55,186.87,2030
2019-11-12,181.71,177.06,7691
2019-11-13,125.79,132.5,4992
2019-11-14,117.09,107.38,1913
2019-11-15,166.86,164.44,7358
2019-11-16,192.94,189.69,3181
2019-11-17,155.68,146.07,4197
2019-11-18,157.16,149.65,7040
2019-11-19,128.0,126.27,2462
2019-11-20,176.95,176.81,8037
2019-11-21,118.7,116.79,5994
2019-11-22,132.37,132.99,6308
2019-11-23,142.54,144.44,7221
2019-11-24,150.76,140.96,8090
2019-11-25,124.24,123.52,8769
2019-11-26,111.48,120.75,1687
2019-11-27,161.06,161.44,5661
2019-11-28,128.86,132.41,2894
2019-11-29,158.12,154.36,8389
2019-11-30,115.44,120.92,5922
2019-12-01,148.11,153.57,7322
2019-12-02,153.26,153.69,4183
2019-12-03,105.18,114.7,4797
2019-12-04,133.66,126.17,6178
2019-12-05,113.44,103.78,4968
2019-12-06,106.34,111.74,3716
2019-12-07,199.0,205.14,1190
2019-12-08,132.24,124.64,2335
2019-12-09,180.99,176.3,9181
2019-12-10,125.46,115.81,1378
2019-12-11,168.15,164.02,4829
2019-12-12,176.02,181.48,7380
2019-12-13,159.56,159.92,1615
2019-12-14,147.16,144.12,3330
2019-12-15,141.18,138.61,2754
2019-12-16,134.89,124.92,1463
2019-12-17,192.95,188.95,5267
2019-12-18,183.06,185.99,4158
2019-12-19,196.5,205.98,4624
2019-12-20,112.43,119.37,5938
2019-12-21,173.09,163.56,6417
2019-12-22,193.83,201.8,7004
2019-12-23,118.12,123.78,9881
2019-12-24,106.65,112.26,6603
2019-12-25,174.11,173.27,3212
2019-12-26,157.45,155.41,7120
2019-12-27,184.18,180.24,6818
2019-12-28,113.98,105.29,1382
2019-12-29,179.53,174.09,3256
2019-12-30,120.16,115.09,2412
2019-12-31,116.37,116.05,7146
2020-01-01,116.43,121.38,1371
2020-01-02,181.46,180.94,6806
2020-01-03,166.52,157.68,6565
2020-01-04,152.31,161.47,9802
2020-01-05,135.88,144.73,9307
2020-01-06,187.72,193.42,8437
2020-01-07,139.24,149.07,1446
2020-01-08,181.66,182.55,2391
2020-01-09,143.91,153.17,2340
2020-01-10,137.69,129.2,3939
2020-01-11,146.27,143.58,6969
2020-01-12,130.14,124.65,5813
2020-01-13,174.76,168.68,4569
2020-01-14,150.27,143.09,6454
2020-01-15,123.22,125.67,4150
2020-01-16,189.96,195.59,7414
2020-01-17,138.39,139.96,5657
2020-01-18,154.36,147.3,7947
2020-01-19,190.65,196.87,8943
2020-01-20,162.42,165.14,4662
2020-01-21,111.69,109.45,5482
2020-01-22,193.98,197.46,5797
2020-01-23,162.77,157.97,6068
2020-01-24,133.49,130.39,6480
2020-01-25,113.93,122.28,9033
2020-01-26,179.4,175.21,1983
2020-01-27,162.01,161.41,6607
2020-01-28,153.35,161.15,9543
2020-01-29,189.39,193.54,2907
2020-01-30,178.86,170.1,7924
2020-01-31,115.17,108.12,9737
2020-02-01,131.17,121.33,5174
2020-02-02,124.85,127.47,8265
2020-02-03,174.39,173.34,2990
2020-02-04,103.35,96.04,6596
2020-02-05,156.99,166.15,4998
2020-02-06,176.25,176.84,4775
2020-02-07,187.68,182.52,5645
2020-02-08,134.21,134.22,3061
2020-02-09,182.13,185.72,5487
2020-02-10,111.06,102.58,5435
2020-02-11,184.65,180.14,3644
2020-02-12,112.75,118.89,2045
2020-02-13,139.73,138.92,8951
2020-02-14,179.73,180.66,7449
2020-02-15,114.99,113.65,3681
2020-02-16,122.93,113.81,4199
2020-02-17,172.23,165.54,7768
2020-02-18,172.0,170.91,8440
2020-02-19,164.11,158.29,9633
2020-02-20,169.39,160.39,3550
2020-02-21,154.27,161.14,5225
2020-02-22,125.18,134.8,1596
2020-02-23,134.57,140.43,7054
2020-02-24,118.16,125.24,2505
2020-02-25,190.85,185.69,7468
2020-02-26,158.34,167.55,8236
2020-02-27,140.09,134.03,2551
2020-02-28,146.2,155.23,7852
2020-02-29,194.73,204.63,2449
2020-03-01,115.34,119.57,6953
2020-03-02,158.62,168.24,9456
2020-03-03,150.59,151.98,9042
2020-03-04,161.15,156.34,3659
2020-03-05,101.81,100.55,8509
2020-03-06,187.21,189.08,8893
2020-03-07,193.21,184.67,8445
2020-03-08,156.51,158.96,3721
2020-03-09,169.67,179.29,3925
2020-03-10,192.25,186.05,8104
2020-03-11,170.72,176.57,7240
2020-03-12,115.25,123.41,1512
2020-03-13,157.63,166.5,1215
2020-03-14,160.67,169.87,8299
2020-03-15,142.41,142.84,4153
2020-03-16,173.64,183.19,8450
2020-03-17,193.44,198.59,2706
2020-03-18,192.56,185.79,2567
2020-03-19,145.08,144.62,2128
2020-03-20,111.32,115.69,4510
2020-03-21,198.48,193.43,8867
2020-03-22,183.89,186.7,3365
2020-03-23,112.47,115.8,6583
2020-03-24,192.08,185.33,5897
2020-03-25,186.99,188.29,6718
2020-03-26,151.88,157.31,7001
2020-03-27,159.13,159.11,5567
2020-03-28,139.9,130.14,3741
2020-03-29,105.48,95.66,4020
2020-03-30,133.52,130.66,7256
2020-03-31,180.29,188.81,1228
2020-04-01,100.46,95.03,9362
2020-04-02,133.35,136.04,1294
2020-04-03,139.82,134.26,5284
2020-04-04,153.74,150.17,9617
2020-04-05,191.99,198.95,7801
2020-04-06,134.63,139.21,1918
2020-04-07,134.7,126.61,1498
2020-04-08,173.75,172.32,3809
2020-04-09,145.22,135.8,5961
2020-04-10,122.46,122.08,4779
2020-04-11,145.24,148.49,3118
2020-04-12,114.09,106.46,7391
2020-04-13,117.64,113.42,1145
2020-04-14,149.84,147.8,8942
2020-04-15,141.89,150.28,5565
2020-04-16,191.48,201.35,1192
2020-04-17,136.24,127.14,6187
2020-04-18,158.06,163.28,7637
2020-04-19,163.23,160.66,9243
2020-04-20,101.31,99.16,3410
2020-04-21,166.35,171.44,2820
2020-04-22,117.8,126.17,3964
2020-04-23,196.11,205.13,3521
2020-04-24,114.87,116.41,3568
2020-04-25,141.46,138.6,6882
2020-04-26,108.53,114.28,2867
2020-04-27,199.69,194.71,8465
2020-04-28,150.22,151.5,8602
2020-04-29,159.54,156.71,4199
2020-04-30,106.71,109.84,7103
2020-05-01,175.0,169.81,1240
2020-05-02,120.99,114.82,4440
2020-05-03,189.81,198.17,5631
2020-05-04,120.51,112.55,9274
2020-05-05,119.07,119.19,6077
2020-05-06,103.65,98.07,4768
2020-05-07,147.21,137.99,8995
2020-05-08,156.48,147.2,9802
2020-05-09,106.57,100.07,7429
2020-05-10,177.55,184.89,4605
2020-05-11,145.33,140.98,3173
2020-05-12,152.44,161.45,7568
2020-05-13,144.08,145.71,3601
2020-05-14,140.08,138.81,3657
2020-05-15,155.96,157.56,7080
2020-05-16,115.52,115.85,8325
2020-05-17,118.19,123.37,3159
2020-05-18,186.18,181.83,4830
2020-05-19,194.61,191.67,9313
2020-05-20,137.33,145.21,5368
2020-05-21,127.07,136.0,2317
2020-05-22,164.4,172.25,5493
2020-05-23,140.87,139.26,2230
2020-05-24,102.54,108.15,2133
2020-05-25,115.62,115.15,8607
2020-05-26,171.6,171.55,2301
2020-05-27,165.89,159.98,2910
2020-05-28,102.71,104.53,9082
2020-05-29,122.2,115.92,9107
2020-05-30,123.11,119.74,8970
2020-05-31,167.19,174.29,2916
2020-06-01,101.97,96.11,7996
2020-06-02,110.41,101.83,3757
2020-06-03,179.99,171.37,7464
2020-06-04,117.85,126.67,1178
2020-06-05,165.27,165.41,7362
2020-06-06,123.82,122.01,9683
2020-06-07,109.94,116.16,1060
2020-06-08,124.32,131.04,7681
2020-06-09,172.23,168.87,3895
2020-06-10,185.57,189.44,1585
2020-06-11,183.02,188.44,6823
2020-06-12,139.72,142.81,1534
2020-06-13,166.81,159.84,4462
2020-06-14,120.5,128.02,5011
2020-06-15,129.31,130.09,4398
2020-06-16,189.63,185.28,3155
2020-06-17,101.3,99.8,6966
2020-06-18,108.55,99.3,8329
2020-06-19,120.79,113.35,7957
2020-06-20,102.65,107.96,6325
2020-06-21,118.14,108.14,9518
2020-06-22,158.3,156.63,5703
2020-06-23,142.14,142.59,3706
2020-06-24,189.27,180.36,1001
2020-06-25,181.74,191.2,9316
2020-06-26,134.18,128.7,2104
2020-06-27,125.94,122.02,2861
2020-06-28,137.97,134.05,6269
2020-06-29,159.03,153.64,7943
2020-06-30,126.81,116.84,9320
2020-07-01,162.41,167.0,1437
2020-07-02,140.94,150.28,5846
2020-07-03,155.2,149.69,4129
2020-07-04,143.61,146.87,9081
2020-07-05,129.45,134.29,1901
2020-07-06,194.85,201.82,6398
2020-07-07,176.36,174.81,7678
2020-07-08,114.01,110.07,6529
2020-07-09,186.85,183.36,7604
2020-07-10,148.74,152.99,4918
2020-07-11,189.46,195.8,2067
2020-07-12,179.99,173.62,1026
2020-07-13,142.52,139.94,7937
2020-07-14,102.25,110.29,8264
2020-07-15,126.87,133.0,8118
2020-07-16,154.16,163.86,1547
2020-07-17,163.35,168.43,9758
2020-07-18,125.79,123.65,9895
2020-07-19,113.94,115.75,6338
2020-07-20,183.49,186.71,4140
2020-07-21,198.44,190.01,8996
2020-07-22,152.57,153.46,2590
2020-07-23,117.17,121.36,8776
2020-07-24,127.23,120.58,5943
2020-07-25,101.84,107.45,9997
2020-07-26,191.43,193.11,8798
2020-07-27,111.78,120.82,4791
2020-07-28,157.65,148.5,2357
2020-07-29,127.41,122.72,9092
2020-07-30,155.42,157.45,4225
2020-07-31,165.14,161.07,3460
2020-08-01,182.97,187.26,9737
2020-08-02,120.64,125.82,3728
2020-08-03,101.1,93.15,7726
2020-08-04,113.69,113.97,8481
2020-08-05,190.0,190.18,7430
2020-08-06,187.39,184.78,4114
2020-08-07,159.74,168.4,1616
2020-08-08,160.05,166.6,4644
2020-08-09,166.5,170.44,7413
2020-08-10,117.54,121.83,2203
2020-08-11,191.44,190.67,3565
2020-08-12,141.88,150.3,4174
2020-08-13,138.31,142.2,4081
2020-08-14,151.89,156.47,3630
2020-08-15,104.7,111.93,4161
2020-08-16,116.63,112.11,5321
2020-08-17,173.8,179.94,9861
2020-08-18,108.28,102.18,7269
2020-08-19,160.32,157.23,8099
2020-08-20,124.53,121.24,8376
2020-08-21,138.93,148.5,5078
2020-08-22,128.87,136.0,6801
2020-08-23,135.57,139.59,5151
2020-08-24,171.9,176.44,9911
2020-08-25,129.71,130.95,3600
2020-08-26,156.64,165.58,7175
2020-08-27,147.61,147.54,1666
2020-08-28,166.37,163.98,1283
2020-08-29,193.68,186.94,6840
2020-08-30,173.26,178.98,4565
2020-08-31,121.49,126.18,5593
2020-09-01,103.12,100.81,2465
2020-09-02,126.23,116.73,9321
2020-09-03,159.51,166.29,5734
2020-09-04,105.14,95.37,7257
2020-09-05,149.64,153.71,8366
2020-09-06,159.68,169.09,4672
2020-09-07,133.42,132.17,8382
2020-09-08,177.09,171.79,7587
2020-09-09,110.66,114.76,1992
2020-09-10,107.51,113.85,7858
2020-09-11,172.82,173.75,3121
2020-09-12,149.55,158.89,3223
2020-09-13,168.84,159.87,5522
2020-09-14,143.48,143.58,4188
2020-09-15,124.64,129.01,4237
2020-09-16,181.91,189.16,5136
2020-09-17,179.94,173.53,1343
2020-09-18,169.47,175.47,5704
2020-09-19,127.21,128.26,5823
2020-09-20,159.02,156.95,5920
2020-09-21,136.1,128.73,4201
2020-09-22,109.16,116.47,6471
2020-09-23,191.73,184.88,1888
2020-09-24,113.68,109.88,8127
2020-09-25,195.02,190.82,4720
2020-09-26,144.6,152.03,3883
2020-09-27,118.51,121.96,5212
2020-09-28,154.19,160.12,7961
2020-09-29,187.29,182.3,3415
2020-09-30,173.22,175.72,4001
2020-10-01,180.66,182.09,2738
2020-10-02,165.88,172.54,2364
2020-10-03,169.23,177.35,3708
2020-10-04,184.92,175.16,1924
2020-10-05,124.97,128.45,1151
2020-10-06,148.94,139.98,9777
2020-10-07,122.12,123.1,9044
2020-10-08,198.77,194.52,1912
2020-10-09,194.41,190.55,3321
2020-10-10,103.94,101.0,1495
2020-10-11,170.56,172.99,3148
2020-10-12,192.52,189.2,1556
2020-10-13,118.06,122.71,2552
2020-10-14,156.79,154.88,3120
2020-10-15,191.55,182.92,4085
2020-10-16,103.39,109.07,4504
2020-10-17,169.74,165.46,1156
2020-10-18,129.73,128.39,9926
2020-10-19,192.44,196.15,8505
2020-10-20,197.11,193.76,8162
2020-10-21,194.43,185.56,6523
2020-10-22,147.42,144.9,8543
2020-10-23,186.2,195.09,9055
2020-10-24,184.45,187.28,5654
2020-10-25,131.91,135.34,7250
2020-10-26,182.89,185.54,8246
2020-10-27,103.7,97.68,1154
2020-10-28,159.63,158.0,8950
2020-10-29,123.0,128.02,1996
2020-10-30,112.06,104.09,5626
2020-10-31,107.7,103.26,3905
2020-11-01,169.63,165.16,1153
2020-11-02,133.99,132.63,8853
2020-11-03,172.48,182.09,7481
2020-11-04,106.54,97.89,6599
2020-11-05,131.53,131.9,2716
2020-11-06,153.95,147.54,1786
2020-11-07,179.07,188.48,5368
2020-11-08,131.88,124.15,9096
2020-11-09,162.59,160.66,5272
2020-11-10,188.6,193.36,4767
2020-11-11,161.59,165.68,9834
2020-11-12,123.3,121.75,6994
2020-11-13,102.44,99.37,8216
2020-11-14,187.01,184.96,9857
2020-11-15,102.13,97.42,4426
2020-11-16,187.47,181.58,4783
2020-11-17,152.89,152.55,6427
2020-11-18,193.91,189.28,8011
2020-11-19,179.88,175.63,9052
2020-11-20,199.79,202.93,4701
2020-11-21,135.07,144.44,3349
2020-11-22,176.72,178.79,8011
2020-11-23,140.19,131.73,8055
2020-11-24,147.99,139.5,2212
2020-11-25,162.75,171.78,7965
2020-11-26,187.37,183.32,7704
2020-11-27,198.41,190.25,8433
2020-11-28,176.83,178.81,3511
2020-11-29,141.78,144.25,1143
2020-11-30,142.14,145.11,8367
2020-12-01,173.76,169.11,4228
2020-12-02,123.88,114.18,5582
2020-12-03,111.05,120.35,7031
2020-12-04,135.46,130.48,5243
2020-12-05,128.72,132.24,3713
2020-12-06,129.63,133.76,5185
2020-12-07,123.36,125.56,8328
2020-12-08,104.21,100.47,5633
2020-12-09,101.79,97.21,4192
2020-12-10,198.77,200.72,1300
2020-12-11,142.78,150.1,1723
2020-12-12,138.43,147.36,6694
2020-12-13,167.96,160.08,4010
2020-12-14,121.83,114.93,6555
2020-12-15,195.0,203.89,1067
2020-12-16,178.63,183.36,3506
2020-12-17,108.94,116.6,2537
2020-12-18,141.76,135.81,1397
2020-12-19,187.91,189.66,6680
2020-12-20,194.47,198.49,5825
2020-12-21,146.74,150.34,9747
2020-12-22,161.34,159.5,7048
2020-12-23,116.7,107.01,4661
2020-12-24,199.12,200.78,3941
2020-12-25,123.17,118.23,8067
2020-12-26,194.27,193.28,6091
2020-12-27,164.96,174.11,2601
2020-12-28,160.77,158.75,2480
2020-12-29,151.27,158.07,7230
2020-12-30,123.07,116.84,4276
2020-12-31,117.65,121.1,7447
2021-01-01,122.05,131.59,6499
2021-01-02,118.64,110.68,7273
2021-01-03,177.96,168.13,2299
2021-01-04,135.01,133.68,6818
2021-01-05,105.78,97.63,7701
2021-01-06,196.91,201.88,5994
2021-01-07,188.38,196.67,8489
2021-01-08,192.78,191.46,9269
2021-01-09,199.49,194.66,3831
2021-01-10,117.39,116.08,3721
2021-01-11,139.62,144.09,2532
2021-01-12,175.82,166.0,9429
2021-01-13,169.6,171.39,6253
2021-01-14,115.39,117.66,2996
2021-01-15,181.58,184.33,6311
2021-01-16,122.44,117.28,1277
2021-01-17,122.38,126.66,4089
2021-01-18,153.7,145.53,1523
2021-01-19,159.29,153.28,5275
2021-01-20,158.01,165.56,6365
2021-01-21,109.15,113.92,4122
2021-01-22,187.75,178.02,9167
2021-01-23,126.56,121.53,6190
2021-01-24,112.95,107.24,5575
2021-01-25,188.87,184.29,8727
2021-01-26,195.57,190.52,2797
2021-01-27,186.21,177.46,3131
2021-01-28,180.95,180.13,8322
2021-01-29,165.52,170.17,7500
2021-01-30,155.09,157.22,1815
2021-01-31,108.7,112.16,9634
2021-02-01,140.85,132.47,7666
2021-02-02,137.27,146.3,1142
2021-02-03,125.98,132.75,2410
2021-02-04,172.34,178.44,1534
2021-02-05,149.59,156.05,4364
2021-02-06,108.1,116.75,2032
2021-02-07,122.02,122.91,4342
2021-02-08,168.33,162.34,7085
2021-02-09,107.61,109.95,5500
2021-02-10,185.12,189.98,2172
2021-02-11,149.51,154.27,5517
2021-02-12,148.06,148.49,9007
2021-02-13,159.24,150.61,2641
2021-02-14,182.47,179.89,1471
2021-02-15,134.78,143.2,3940
2021-02-16,167.8,169.49,9738
2021-02-17,156.57,157.34,5726
2021-02-18,126.7,122.08,8670
2021-02-19,187.86,185.23,4723
2021-02-20,179.74,187.65,1363
2021-02-21,165.85,169.18,4309
2021-02-22,185.06,190.81,1545
2021-02-23,186.73,185.82,4240
2021-02-24,170.84,173.44,7665
2021-02-25,183.7,178.67,2936
2021-02-26,169.75,173.86,1882
2021-02-27,168.01,166.56,4840
2021-02-28,161.86,160.71,7923
2021-03-01,175.27,178.26,5611
2021-03-02,115.86,124.59,6204
2021-03-03,188.09,179.37,8288
2021-03-04,187.18,193.67,4203
2021-03-05,102.92,98.77,3244
2021-03-06,182.58,181.46,1018
2021-03-07,112.89,103.33,1641
2021-03-08,133.51,129.53,4083
2021-03-09,174.35,174.4,6200
2021-03-10,116.08,107.2,9521
2021-03-11,181.8,181.62,1865
2021-03-12,183.21,191.75,1773
2021-03-13,150.75,142.86,5732
2021-03-14,100.64,105.93,4518
2021-03-15,128.7,126.89,7795
2021-03-16,161.69,164.79,7984
2021-03-17,198.12,193.32,3567
2021-03-18,163.18,156.37,2674
2021-03-19,125.98,119.19,1739
2021-03-20,163.4,154.81,2545
2021-03-21,154.0,147.71,6127
2021-03-22,177.98,181.26,7947
2021-03-23,110.7,118.33,7620
2021-03-24,176.1,182.38,5555
2021-03-25,154.13,157.83,6645
2021-03-26,196.3,188.51,9943
2021-03-27,134.19,129.97,8124
2021-03-28,163.26,159.46,4732
2021-03-29,193.2,188.2,3283
2021-03-30,110.25,110.55,9669
2021-03-31,193.72,194.43,7998
2021-04-01,168.79,165.93,6413
2021-04-02,106.78,103.86,2269
2021-04-03,130.1,136.67,8868
2021-04-04,170.82,176.61,3603
2021-04-05,106.74,102.9,6961
2021-04-06,158.22,166.5,9569
2021-04-07,134.59,143.65,8557
2021-04-08,162.09,158.62,2680
2021-04-09,104.57,101.66,9433
2021-04-10,187.15,187.26,6682
2021-04-11,197.35,206.17,9084
2021-04-12,196.89,204.42,6367
2021-04-13,174.97,167.02,1069
2021-04-14,113.01,110.86,4924
2021-04-15,175.83,176.9,7200
2021-04-16,102.46,102.52,3007
2021-04-17,102.21,96.09,9992
2021-04-18,132.36,139.54,9119
2021-04-19,148.86,152.4,3779
2021-04-20,177.04,183.8,5920
2021-04-21,168.33,175.51,1755
2021-04-22,144.59,149.56,7495
2021-04-23,127.36,126.14,6935
2021-04-24,199.71,201.92,3330
2021-04-25,142.62,135.83,6705
2021-04-26,145.14,148.61,9301
2021-04-27,116.36,109.95,2016
2021-04-28,179.48,183.36,8347
2021-04-29,169.37,163.96,9216
2021-04-30,122.08,114.43,5938
2021-05-01,108.24,101.55,3838
2021-05-02,168.05,158.09,1737
2021-05-03,165.45,169.82,7200
2021-05-04,127.33,131.98,9371
2021-05-05,195.09,195.39,1231
2021-05-06,115.11,108.34,2917
2021-05-07,143.23,134.9,9534
2021-05-08,194.36,184.74,6918
2021-05-09,141.97,135.28,3623
2021-05-10,163.85,171.67,9646
2021-05-11,139.76,134.59,7401
2021-05-12,127.42,124.51,8072
2021-05-13,198.4,190.51,3276
2021-05-14,140.93,135.38,8393
2021-05-15,189.41,189.79,9787
2021-05-16,123.0,125.16,4874
2021-05-17,121.31,116.22,5530
2021-05-18,103.11,94.26,8164
2021-05-19,165.17,162.99,5497
2021-05-20,136.85,131.53,8933
2021-05-21,186.44,180.83,3135
2021-05-22,147.32,156.52,7727
2021-05-23,196.82,199.15,2565
2021-05-24,118.55,119.69,1308
2021-05-25,186.86,185.18,9534
2021-05-26,177.66,176.24,9627
2021-05-27,177.09,177.91,9368
2021-05-28,184.48,188.41,1138
2021-05-29,176.1,180.14,1193
2021-05-30,162.62,156.05,4257
2021-05-31,113.12,113.12,4235
2021-06-01,103.25,101.49,1942
2021-06-02,192.08,199.49,5620
2021-06-03,161.67,164.3,6720
2021-06-04,179.65,180.3,7353
2021-06-05,148.15,140.46,5957
2021-06-06,111.73,113.84,4381
2021-06-07,112.52,104.86,6839
2021-06-08,168.56,165.3,3880
2021-06-09,143.03,135.89,5887
2021-06-10,120.05,123.89,1545
2021-06-11,149.16,143.29,2927
2021-06-12,106.42,104.26,5152
2021-06-13,158.2,166.11,1004
2021-06-14,126.9,120.99,6533
2021-06-15,179.76,179.92,6378
2021-06-16,131.04,129.43,7233
2021-06-17,145.52,135.88,3663
2021-06-18,101.16,107.02,4326
2021-06-19,107.24,98.62,4659
2021-06-20,139.25,138.74,2131
2021-06-21,147.99,149.2,5763
2021-06-22,160.0,162.57,7737
2021-06-23,129.17,132.94,6092
2021-06-24,169.5,164.57,7022
2021-06-25,186.01,176.21,4159
2021-06-26,177.99,182.46,7159
2021-06-27,103.96,104.67,8318
2021-06-28,148.05,154.77,9445
2021-06-29,110.49,116.92,6307
2021-06-30,124.2,131.07,9520
2021-07-01,198.67,198.37,4044
2021-07-02,114.25,110.92,6636
2021-07-03,149.89,155.72,3892
2021-07-04,161.82,160.85,6288
2021-07-05,170.25,163.92,6812
2021-07-06,155.96,163.06,1654
2021-07-07,100.98,108.63,6481
2021-07-08,132.65,131.98,1759
2021-07-09,151.77,143.28,7782
2021-07-10,108.79,106.55,2798
2021-07-11,135.06,141.13,6159
2021-07-12,103.32,111.36,9446
2021-07-13,107.86,101.93,6262
2021-07-14,139.69,131.03,4823
2021-07-15,113.27,120.82,2876
2021-07-16,156.75,154.54,7154
2021-07-17,168.95,169.79,8787
2021-07-18,180.06,189.42,5516
2021-07-19,120.02,111.35,4734
2021-07-20,116.75,119.72,6972
2021-07-21,110.46,101.94,7639
2021-07-22,163.64,161.15,6356
2021-07-23,170.65,176.73,7380
2021-07-24,103.16,101.83,2008
2021-07-25,193.62,203.56,5314
2021-07-26,105.2,106.38,3508
2021-07-27,154.13,150.55,5758
2021-07-28,170.91,165.31,3682
2021-07-29,187.1,184.11,8311
2021-07-30,171.41,168.86,1989
2021-07-31,180.17,171.54,9446
2021-08-01,133.95,131.34,5711
2021-08-02,181.48,180.76,7479
2021-08-03,108.01,112.46,7964
2021-08-04,189.48,192.61,9075
2021-08-05,154.76,158.94,5452
2021-08-06,181.73,171.9,9447
2021-08-07,145.23,139.58,2007
2021-08-08,164.36,167.59,7496
2021-08-09,152.64,152.32,8688
2021-08-10,173.16,163.27,4908
2021-08-11,108.16,114.25,3803
2021-08-12,106.04,111.5,5379
2021-08-13,124.71,125.68,1098
2021-08-14,115.95,107.28,9388
2021-08-15,187.18,192.51,1877
2021-08-16,121.92,123.59,2868
2021-08-17,197.59,203.23,3665
2021-08-18,133.69,138.72,2388
2021-08-19,118.21,124.27,3415
2021-08-20,178.97,179.33,9761
2021-08-21,165.87,158.68,3637
2021-08-22,149.82,153.24,8242
2021-08-23,155.54,157.95,9613
2021-08-24,171.92,176.77,3883
2021-08-25,122.85,116.25,2204
2021-08-26,199.63,193.53,1544
2021-08-27,197.48,205.29,2223
2021-08-28,165.03,170.03,4172
2021-08-29,119.95,128.11,9959
2021-08-30,168.02,173.19,7450
2021-08-31,107.22,109.16,7520
2021-09-01,103.07,106.15,1654
2021-09-02,125.77,133.55,7821
2021-09-03,146.26,147.84,3446
2021-09-04,186.83,189.48,6892
2021-09-05,172.72,165.85,9412
2021-09-06,174.27,173.75,4666
2021-09-07,142.55,146.88,5277
2021-09-08,134.59,130.01,5402
2021-09-09,137.1,131.15,3569
2021-09-10,198.76,195.04,6515
2021-09-11,104.01,98.84,4985
2021-09-12,186.7,181.0,9167
2021-09-13,157.87,156.37,8448
2021-09-14,143.86,152.02,5310
2021-09-15,172.53,172.67,4019
2021-09-16,148.67,142.43,4681
2021-09-17,187.34,178.88,5196
2021-09-18,190.07,193.99,1572
2021-09-19,142.17,139.83,5753
2021-09-20,127.68,134.12,8082
2021-09-21,159.24,162.43,5002
2021-09-22,191.24,197.16,6629
2021-09-23,121.07,116.51,9417
2021-09-24,162.3,166.15,5200
2021-09-25,163.16,158.44,2997
2021-09-26,173.31,182.09,9963
2021-09-27,113.16,115.89,8422
2021-09-28,171.58,168.07,5524
2021-09-29,190.9,186.29,9625
2021-09-30,117.97,111.79,4407
2021-10-01,123.75,127.64,7731
2021-10-02,197.14,191.51,8795
2021-10-03,118.1,120.01,3793
2021-10-04,185.44,180.73,8334
2021-10-05,149.23,152.47,3911
2021-10-06,124.72,131.02,8952
2021-10-07,187.07,192.63,3415
2021-10-08,144.53,149.75,1250
2021-10-09,151.48,145.23,5951
2021-10-10,135.92,127.69,9098
2021-10-11,159.3,163.28,6289
2021-10-12,116.35,113.72,9102
2021-10-13,139.11,137.76,8257
2021-10-14,196.94,187.56,6565
2021-10-15,125.81,121.0,7437
2021-10-16,165.67,156.34,2173
2021-10-17,132.52,140.1,9624
2021-10-18,177.35,172.22,1835
2021-10-19,113.09,114.24,3262
2021-10-20,196.98,187.76,5567
2021-10-21,145.38,148.72,4815
2021-10-22,123.61,120.07,1246
2021-10-23,107.35,115.31,3429
2021-10-24,116.98,124.74,6287
2021-10-25,151.98,148.49,3607
2021-10-26,133.7,141.72,6930
2021-10-27,182.89,192.81,5022
2021-10-28,143.09,149.6,5784
2021-10-29,124.87,131.77,7617
2021-10-30,161.71,156.69,4151
2021-10-31,170.68,172.21,6580
2021-11-01,116.7,108.05,8054
2021-11-02,116.76,108.66,8706
2021-11-03,103.67,113.65,8619
2021-11-04,173.64,170.17,5573
2021-11-05,166.38,171.34,4491
2021-11-06,147.46,153.59,1706
2021-11-07,184.42,191.58,7997
2021-11-08,180.57,190.52,6233
2021-11-09,158.54,153.37,9945
2021-11-10,186.83,177.64,6755
2021-11-11,120.58,118.8,7960
2021-11-12,111.19,103.79,9779
2021-11-13,126.97,117.42,2334
2021-11-14,105.71,102.92,6588
2021-11-15,153.12,158.79,2847
2021-11-16,193.66,194.98,7851
2021-11-17,103.93,100.19,8211
2021-11-18,112.21,115.3,8865
2021-11-19,145.22,139.86,4317
2021-11-20,193.39,183.68,7811
2021-11-21,131.62,136.91,1164
2021-11-22,150.72,153.19,8060
2021-11-23,104.16,109.41,4057
2021-11-24,114.83,105.61,5428
2021-11-25,198.66,205.4,1402
2021-11-26,196.51,198.9,9605
2021-11-27,100.49,101.76,9236
2021-11-28,195.18,197.67,7349
2021-11-29,163.91,171.2,5157
2021-11-30,186.79,188.53,1867
2021-12-01,145.47,147.09,9210
2021-12-02,151.56,161.37,1364
2021-12-03,148.88,154.01,8467
2021-12-04,166.69,165.54,7571
2021-12-05,113.97,118.12,1579
2021-12-06,103.0,100.78,8674
2021-12-07,130.79,125.37,9737
2021-12-08,170.47,172.41,7468
2021-12-09,120.19,128.75,5150
2021-12-10,167.34,175.92,4039
2021-12-11,196.99,193.83,5137
2021-12-12,109.39,109.94,1452
2021-12-13,167.26,161.49,7537
2021-12-14,144.38,154.29,2381
2021-12-15,186.81,196.43,9154
2021-12-16,117.71,120.7,2467
2021-12-17,169.26,175.35,3738
2021-12-18,183.81,188.11,8572
2021-12-19,194.46,196.32,7747
2021-12-20,168.32,159.39,1880
2021-12-21,149.72,148.82,4149
2021-12-22,161.78,165.28,9276
2021-12-23,186.89,190.44,8892
2021-12-24,157.06,154.52,5144
2021-12-25,103.04,111.87,2168
2021-12-26,193.09,186.44,4129
2021-12-27,168.95,168.96,4645
2021-12-28,167.65,171.47,3526
2021-12-29,121.57,125.51,4516
2021-12-30,165.89,168.86,4367
2021-12-31,139.39,134.9,8338
2022-01-01,165.12,158.24,4555
2022-01-02,110.66,113.38,6111
2022-01-03,165.78,167.77,7752
2022-01-04,199.94,193.53,1445
2022-01-05,104.82,108.92,7364
2022-01-06,197.72,196.82,4626
2022-01-07,140.69,144.05,5016
2022-01-08,187.08,193.83,4875
2022-01-09,178.24,171.63,6497
2022-01-10,156.7,147.08,7238
2022-01-11,173.84,179.42,1261
2022-01-12,187.85,190.04,5992
2022-01-13,140.41,144.4,5025
2022-01-14,132.7,139.46,9283
2022-01-15,166.76,172.82,5222
2022-01-16,180.78,190.0,5175
2022-01-17,176.23,176.95,4443
2022-01-18,179.78,179.55,6011
2022-01-19,143.56,141.6,1693
2022-01-20,181.78,174.85,9347
2022-01-21,112.02,113.47,2812
2022-01-22,154.45,149.99,6724
2022-01-23,100.58,109.01,2407
2022-01-24,132.46,134.12,9032
2022-01-25,136.65,138.51,2410
2022-01-26,139.62,136.72,4497
2022-01-27,169.55,160.59,5372
2022-01-28,138.86,129.49,8394
2022-01-29,144.87,143.34,1551
2022-01-30,123.75,115.44,5332
2022-01-31,137.33,139.47,1997
2022-02-01,122.73,130.35,5076
2022-02-02,107.32,114.98,7099
2022-02-03,160.34,163.52,6555
2022-02-04,166.82,161.04,5052
2022-02-05,161.95,169.21,6303
2022-02-06,146.35,154.07,9118
2022-02-07,137.98,131.91,7102
2022-02-08,186.33,191.08,6490
2022-02-09,151.91,147.64,9564
2022-02-10,147.92,153.97,6616
2022-02-11,102.56,112.5,3248
2022-02-12,134.12,124.72,1848
2022-02-13,138.02,145.97,7354
2022-02-14,139.88,142.33,9695
2022-02-15,158.02,167.49,9070
2022-02-16,153.36,152.66,9894
2022-02-17,160.79,167.74,4625
2022-02-18,176.49,167.74,1314
2022-02-19,181.3,178.01,3376
2022-02-20,171.81,163.15,5378
2022-02-21,195.55,205.06,9449
2022-02-22,101.82,108.16,1574
2022-02-23,119.58,126.63,6585
2022-02-24,100.76,109.52,6492
2022-02-25,164.75,156.45,9949
2022-02-26,189.8,187.51,3810
2022-02-27,124.35,115.77,9134
2022-02-28,192.7,186.92,6670
2022-03-01,106.03,100.62,8715
2022-03-02,193.44,192.82,7567
2022-03-03,135.16,130.53,4459
2022-03-04,110.14,102.16,7117
2022-03-05,148.59,141.94,4992
2022-03-06,125.68,118.63,8837
2022-03-07,128.49,137.95,1203
2022-03-08,130.73,135.92,3775
2022-03-09,180.3,189.66,2992
2022-03-10,153.92,152.71,3243
2022-03-11,131.13,126.7,9498
2022-03-12,161.03,167.0,2687
2022-03-13,171.62,168.15,5109
2022-03-14,127.26,123.25,2860
2022-03-15,141.35,136.0,6176
2022-03-16,112.19,104.78,1722
2022-03-17,118.11,113.24,9971
2022-03-18,168.11,165.22,9720
2022-03-19,118.14,121.62,5893
2022-03-20,152.52,143.77,1343
2022-03-21,170.9,165.11,6398
2022-03-22,110.69,116.87,9400
2022-03-23,156.73,149.67,5736
2022-03-24,125.66,122.51,4406
2022-03-25,196.29,203.58,1919
2022-03-26,148.35,141.45,6819
2022-03-27,180.6,172.25,3044
2022-03-28,155.02,154.71,1418
2022-03-29,104.34,100.39,2749
2022-03-30,163.32,164.59,8378
2022-03-31,195.14,201.22,2099
2022-04-01,160.16,152.9,4392
2022-04-02,181.92,183.53,3772
2022-04-03,188.42,188.53,7784
2022-04-04,122.81,115.69,2545
2022-04-05,121.2,123.68,2070
2022-04-06,161.1,156.57,7522
2022-04-07,141.1,140.86,2850
2022-04-08,183.99,175.64,6053
2022-04-09,190.0,189.19,3939
2022-04-10,135.34,131.47,8194
2022-04-11,123.69,130.14,6851
2022-04-12,178.05,169.19,7673
2022-04-13,127.48,125.85,1678
2022-04-14,182.26,181.43,1988
2022-04-15,142.37,146.87,2502
2022-04-16,166.75,168.24,2789
2022-04-17,109.55,112.89,6281
2022-04-18,162.39,167.93,6027
2022-04-19,145.18,152.42,2425
2022-04-20,158.66,154.94,7654
2022-04-21,116.8,117.56,3440
2022-04-22,173.69,180.49,7856
2022-04-23,186.28,196.07,8367
2022-04-24,121.67,129.46,3594
2022-04-25,109.57,107.0,5689
2022-04-26,102.36,96.26,3436
2022-04-27,164.2,163.99,6517
2022-04-28,160.71,165.54,7310
2022-04-29,154.67,154.52,4539
2022-04-30,123.19,122.85,4483
2022-05-01,139.09,145.85,8371
2022-05-02,159.45,156.68,3241
2022-05-03,149.68,156.88,7378
2022-05-04,198.78,196.92,3765
2022-05-05,113.64,110.2,5911
2022-05-06,169.51,168.59,1403
2022-05-07,140.43,145.68,4382
2022-05-08,142.82,135.34,5163
2022-05-09,171.76,165.69,8630
2022-05-10,169.24,178.27,1087
2022-05-11,199.13,192.64,6816
2022-05-12,112.84,114.19,6470
2022-05-13,110.41,112.0,7276
2022-05-14,172.43,172.22,6739
2022-05-15,157.84,160.73,5273
2022-05-16,127.42,122.02,7523
2022-05-17,107.94,108.99,6003
2022-05-18,108.57,106.01,9038
2022-05-19,189.42,192.65,7606
2022-05-20,119.19,112.01,3064
2022-05-21,132.34,133.76,6315
2022-05-22,122.67,116.38,1317
2022-05-23,135.5,131.07,2502
2022-05-24,106.94,101.31,7130
2022-05-25,151.91,145.57,8419
2022-05-26,106.76,113.27,3042
2022-05-27,180.04,175.75,5598
2022-05-28,123.37,131.91,1118
2022-05-29,154.0,163.4,1709
2022-05-30,188.01,189.44,4557
2022-05-31,165.09,157.95,4250
2022-06-01,153.3,150.79,9061
2022-06-02,132.43,138.38,9609
2022-06-03,133.3,130.65,3603
2022-06-04,166.95,158.69,2101
2022-06-05,199.41,200.55,5421
2022-06-06,166.18,173.08,8857
2022-06-07,155.78,161.7,9177
2022-06-08,173.07,166.57,7082
2022-06-09,146.52,149.98,7658
2022-06-10,106.01,100.42,3261
2022-06-11,156.23,150.59,9021
2022-06-12,195.76,203.24,1508
2022-06-13,117.53,112.52,3379
2022-06-14,169.0,164.26,9879
2022-06-15,120.09,110.1,5752
2022-06-16,153.58,160.99,6495
2022-06-17,109.67,115.52,4209
2022-06-18,145.04,147.59,8398
2022-06-19,175.62,180.63,7743
2022-06-20,134.76,127.8,6648
2022-06-21,166.49,165.66,6171
2022-06-22,179.54,176.56,8890
2022-06-23,192.72,184.6,1324
2022-06-24,123.46,123.18,4557
2022-06-25,139.93,148.34,4587
2022-06-26,115.24,106.04,1151
2022-06-27,199.25,195.08,1954
2022-06-28,192.7,186.85,5354
2022-06-29,154.0,148.76,8160
2022-06-30,184.2,192.37,1687
2022-07-01,152.1,151.46,9501
2022-07-02,162.36,161.69,4127
2022-07-03,108.91,114.12,7763
2022-07-04,175.53,168.62,4395
2022-07-05,112.77,112.52,1845
2022-07-06,182.61,181.21,2164
2022-07-07,178.2,180.14,6904
2022-07-08,170.87,180.86,6360
2022-07-09,103.62,109.01,1354
2022-07-10,130.31,128.27,2872
2022-07-11,126.31,132.86,3024
2022-07-12,136.01,129.42,3817
2022-07-13,108.76,99.37,4832
2022-07-14,193.7,187.79,9257
2022-07-15,155.38,152.19,3581
2022-07-16,130.55,130.76,3486
2022-07-17,139.7,142.0,9418
2022-07-18,144.72,152.93,3443
2022-07-19,160.06,160.26,9919
2022-07-20,151.57,151.6,2036
2022-07-21,191.94,182.94,9684
2022-07-22,149.7,140.4,8435
2022-07-23,199.22,200.24,2548
2022-07-24,185.14,183.9,6065
2022-07-25,120.85,127.63,7496
2022-07-26,193.06,186.27,7183
2022-07-27,111.64,102.14,4957
2022-07-28,181.74,180.72,4407
2022-07-29,138.06,132.81,1639
2022-07-30,187.8,178.79,1172
2022-07-31,186.81,191.3,6666
2022-08-01,180.59,172.82,5354
2022-08-02,179.0,181.17,4959
2022-08-03,130.47,126.09,9708
2022-08-04,108.09,101.56,9714
2022-08-05,140.3,137.9,3886
2022-08-06,117.35,123.38,3164
2022-08-07,169.5,167.34,4945
2022-08-08,134.61,139.63,6235
2022-08-09,197.56,190.07,8746
2022-08-10,164.1,169.56,3590
2022-08-11,182.25,176.99,8754
2022-08-12,113.25,116.8,5934
2022-08-13,186.2,187.52,5076
2022-08-14,192.28,200.86,6185
2022-08-15,148.71,146.46,2093
2022-08-16,160.63,151.95,4880
2022-08-17,176.48,166.86,7559
2022-08-18,117.48,124.02,3785
2022-08-19,150.26,150.75,7065
2022-08-20,139.87,145.37,7539
2022-08-21,114.64,109.33,2574
2022-08-22,136.75,133.65,6676
2022-08-23,106.82,97.42,9060
2022-08-24,102.58,111.81,4990
2022-08-25,113.52,116.88,6210
2022-08-26,196.31,204.97,5845
2022-08-27,154.95,150.26,2189
2022-08-28,196.58,198.81,3689
2022-08-29,143.25,146.82,5095
2022-08-30,131.18,127.53,2875
2022-08-31,150.61,157.57,8768
2022-09-01,143.95,152.89,4406
2022-09-02,110.57,118.27,4932
2022-09-03,164.08,168.86,9240
2022-09-04,121.6,117.15,6408
2022-09-05,161.96,157.59,4861
2022-09-06,165.02,174.29,8406
2022-09-07,115.2,105.41,3833
2022-09-08,106.13,110.45,6285
2022-09-09,178.08,182.2,8645
2022-09-10,145.98,148.43,5777
2022-09-11,105.82,115.62,3735
2022-09-12,199.49,195.73,9273
2022-09-13,105.78,102.58,9278
2022-09-14,169.5,161.08,7368
2022-09-15,198.37,197.23,1821
2022-09-16,123.92,119.14,8525
2022-09-17,114.22,111.09,1162
2022-09-18,112.14,118.83,8777
2022-09-19,130.33,139.04,2932
2022-09-20,110.1,103.81,4535
2022-09-21,169.22,166.67,6956
2022-09-22,106.23,114.8,4446
2022-09-23,150.94,142.18,3790
2022-09-24,199.67,191.52,3707
2022-09-25,181.4,174.66,8959
2022-09-26,161.52,163.42,4933
2022-09-27,130.63,123.64,4385
2022-09-28,162.39,171.75,7636
2022-09-29,152.7,151.63,1922
2022-09-30,142.61,142.64,9089
2022-10-01,113.07,108.0,1564
2022-10-02,188.66,188.08,4258
2022-10-03,144.98,148.22,3500
2022-10-04,119.46,124.48,5566
2022-10-05,136.78,141.86,7881
2022-10-06,141.41,142.97,4636
2022-10-07,182.75,190.84,7030
2022-10-08,173.36,179.71,1223
2022-10-09,176.93,182.07,7297
2022-10-10,101.1,92.21,1350
2022-10-11,141.62,131.76,8314
2022-10-12,148.13,142.38,2928
2022-10-13,101.92,105.19,8743
2022-10-14,125.98,124.2,9540
2022-10-15,176.03,174.08,5732
2022-10-16,113.71,121.4,2017
2022-10-17,153.53,161.44,3226
2022-10-18,121.52,129.7,8206
2022-10-19,101.21,97.49,8170
2022-10-20,124.12,127.94,7207
2022-10-21,197.59,193.02,3419
2022-10-22,180.15,173.96,7240
2022-10-23,195.96,189.65,2893
2022-10-24,148.79,145.63,6322
2022-10-25,110.97,109.57,8718
2022-10-26,154.8,161.42,7878
2022-10-27,145.44,137.84,2125
2022-10-28,184.44,189.14,4117
2022-10-29,109.81,110.44,5161
2022-10-30,148.82,144.58,5042
2022-10-31,115.0,114.86,5433
2022-11-01,132.47,128.47,9638
2022-11-02,173.74,175.66,3658
2022-11-03,147.6,146.28,4483
2022-11-04,137.59,130.88,3944
2022-11-05,139.45,131.78,8210
2022-11-06,145.94,146.87,8653
2022-11-07,178.5,186.55,9787
2022-11-08,189.21,186.09,2986
2022-11-09,195.53,200.19,2074
2022-11-10,178.69,181.86,5305
2022-11-11,131.54,140.17,4007
2022-11-12,168.81,175.23,1969
2022-11-13,143.76,145.09,9772
2022-11-14,125.47,128.61,3824
2022-11-15,184.09,192.06,2211
2022-11-16,103.84,101.83,1229
2022-11-17,190.18,186.72,5284
2022-11-18,146.15,136.37,4185
2022-11-19,163.72,170.25,1501
2022-11-20,165.94,171.96,1048
2022-11-21,189.51,181.6,4566
2022-11-22,163.67,165.21,4055
2022-11-23,161.39,160.67,9880
2022-11-24,106.67,99.04,1386
2022-11-25,151.84,161.45,1969
2022-11-26,115.02,109.31,6820
2022-11-27,173.74,165.08,4052
2022-11-28,151.22,153.12,8397
2022-11-29,168.02,172.8,3302
2022-11-30,104.17,94.82,3283
2022-12-01,108.48,111.65,5366
2022-12-02,171.63,172.28,1122
2022-12-03,107.21,99.28,7799
2022-12-04,107.13,100.58,4727
2022-12-05,101.21,102.57,9450
2022-12-06,195.65,191.58,5958
2022-12-07,173.75,182.52,1524
2022-12-08,135.33,141.7,9399
2022-12-09,129.65,139.32,1148
2022-12-10,134.97,130.16,9001
2022-12-11,177.47,186.86,1437
2022-12-12,166.14,164.76,4749
2022-12-13,118.52,115.47,9186
2022-12-14,117.41,108.42,5453
2022-12-15,109.84,100.9,6336
2022-12-16,166.03,169.87,5551
2022-12-17,176.44,175.6,3823
2022-12-18,126.5,121.03,6728
2022-12-19,102.09,104.37,9677
2022-12-20,108.22,103.28,9391
2022-12-21,196.79,198.34,2982
2022-12-22,129.54,126.72,7996
2022-12-23,176.92,183.39,3311
2022-12-24,162.47,168.88,8225
2022-12-25,138.19,137.74,1604
2022-12-26,120.57,117.59,9175
2022-12-27,112.14,109.39,6785
2022-12-28,161.5,167.61,5597
2022-12-29,177.46,174.02,8759
2022-12-30,164.39,158.57,8532
2022-12-31,153.03,144.72,9740
2023-01-01,104.2,103.53,1838
2023-01-02,196.85,196.49,4815
2023-01-03,179.87,186.69,1847
2023-01-04,129.28,123.7,5709
2023-01-05,198.0,195.62,5507
2023-01-06,160.19,166.36,7575
2023-01-07,158.24,164.71,5773
2023-01-08,174.81,172.5,5468
2023-01-09,181.18,180.36,6192
2023-01-10,165.65,161.72,4320
2023-01-11,112.81,121.46,5698
2023-01-12,133.83,126.2,5311
2023-01-13,192.81,201.48,4673
2023-01-14,122.46,126.14,2564
2023-01-15,137.22,137.85,2840
2023-01-16,143.21,133.86,7058
2023-01-17,143.94,143.45,8131
2023-01-18,161.29,159.44,1726
2023-01-19,194.31,187.53,7697
2023-01-20,124.07,127.2,1282
2023-01-21,112.15,121.57,2081
2023-01-22,119.75,120.99,4885
2023-01-23,188.69,192.99,3881
2023-01-24,164.58,155.95,3970
2023-01-25,128.59,126.94,7985
2023-01-26,181.59,173.92,1947
2023-01-27,186.14,188.4,5760
2023-01-28,184.65,193.42,1066
2023-01-29,191.89,195.13,9828
2023-01-30,125.22,116.76,9505
2023-01-31,175.5,172.59,1564
2023-02-01,146.05,147.06,4670
2023-02-02,184.2,182.26,3251
2023-02-03,172.85,179.52,1804
2023-02-04,177.64,183.93,5631
2023-02-05,165.62,167.86,2235
2023-02-06,117.74,115.21,7720
2023-02-07,154.5,149.61,7906
2023-02-08,198.47,190.59,7016
2023-02-09,193.74,190.84,4549
2023-02-10,104.32,102.58,8938
2023-02-11,116.48,120.0,5141
2023-02-12,113.17,116.33,7966
2023-02-13,172.6,164.0,6335
2023-02-14,181.78,179.69,6077
2023-02-15,121.35,114.99,6611
2023-02-16,150.59,143.73,9089
2023-02-17,184.07,190.62,3892
2023-02-18,173.28,164.12,6577
2023-02-19,154.22,152.6,4618
2023-02-20,159.03,152.39,2559
2023-02-21,150.84,158.43,7683
2023-02-22,129.75,130.89,2507
2023-02-23,156.5,151.13,3063
2023-02-24,168.89,168.94,4642
2023-02-25,187.33,191.96,3000
2023-02-26,163.63,172.79,2294
2023-02-27,176.11,170.52,5065
2023-02-28,116.01,123.73,9014
2023-03-01,146.16,154.85,2603
2023-03-02,100.93,109.26,2322
2023-03-03,124.67,127.38,6956
2023-03-04,172.65,175.25,3441
2023-03-05,199.18,197.24,2098
2023-03-06,109.92,114.97,6073
2023-03-07,140.15,140.78,9488
2023-03-08,180.01,183.56,4787
2023-03-09,120.4,118.97,3096
2023-03-10,155.51,160.14,3208
2023-03-11,173.31,179.8,6988
2023-03-12,161.6,154.53,1175
2023-03-13,118.8,125.46,8169
2023-03-14,135.54,136.35,7014
2023-03-15,178.38,185.27,2667
2023-03-16,155.42,154.05,9867
2023-03-17,100.52,98.1,2823
2023-03-18,176.1,184.4,6147
2023-03-19,103.53,98.55,2356
2023-03-20,174.57,181.45,4072
2023-03-21,120.25,119.93,4259
2023-03-22,195.81,196.09,7199
2023-03-23,136.79,132.96,1546
2023-03-24,132.69,134.15,6231
2023-03-25,114.89,111.39,8965
2023-03-26,130.56,121.35,3083
2023-03-27,187.67,183.11,3040
2023-03-28,199.63,189.76,5534
2023-03-29,136.83,146.4,2752
2023-03-30,144.86,154.17,2849
2023-03-31,172.21,170.11,3642
2023-04-01,188.62,193.19,2600
2023-04-02,159.3,156.22,5402
2023-04-03,139.15,142.57,4799
2023-04-04,141.26,147.37,1618
2023-04-05,169.56,178.5,2132
2023-04-06,100.32,98.32,6491
2023-04-07,161.96,167.63,6795
2023-04-08,135.55,130.87,8633
2023-04-09,179.42,189.23,2487
2023-04-10,109.3,99.82,8848
2023-04-11,158.82,160.89,6009
2023-04-12,148.1,151.29,3113
2023-04-13,164.23,167.99,2044
2023-04-14,106.49,98.9,3431
2023-04-15,158.0,166.77,8979
2023-04-16,156.15,149.77,2582
2023-04-17,156.07,158.53,2308
2023-04-18,160.35,154.8,5917
2023-04-19,167.65,163.79,9793
2023-04-20,180.5,181.43,2620
2023-04-21,126.98,125.32,8503
2023-04-22,182.5,175.7,5766
2023-04-23,149.83,143.25,6362
2023-04-24,107.71,106.07,6192
2023-04-25,105.86,111.01,7622
2023-04-26,133.42,141.38,7093
2023-04-27,178.49,170.17,7704
2023-04-28,170.77,168.63,1100
2023-04-29,178.86,170.86,7657
2023-04-30,151.73,142.06,6875
2023-05-01,144.02,147.25,5271
2023-05-02,114.75,116.8,1237
2023-05-03,132.82,126.08,8226
2023-05-04,143.4,138.08,9032
2023-05-05,108.86,99.33,6218
2023-05-06,122.06,128.76,5025
2023-05-07,159.82,169.31,7073
2023-05-08,173.57,166.28,3542
2023-05-09,199.83,194.46,2537
2023-05-10,193.31,200.68,1754
2023-05-11,164.26,172.79,8396
2023-05-12,142.12,140.51,8823
2023-05-13,163.62,154.63,6507
2023-05-14,178.57,169.36,5235
2023-05-15,111.83,113.31,1540
2023-05-16,140.99,138.85,6510
2023-05-17,183.98,174.55,9461
2023-05-18,138.38,140.05,8926
2023-05-19,157.19,147.42,6131
2023-05-20,158.78,164.53,9697
2023-05-21,118.45,114.58,2129
2023-05-22,136.22,127.03,4145
2023-05-23,133.45,135.22,9553
2023-05-24,102.62,100.57,4720
2023-05-25,102.42,111.9,5067
2023-05-26,183.17,184.05,5195
2023-05-27,127.31,122.81,8281
2023-05-28,151.81,156.0,3509
2023-05-29,129.87,125.3,6016
2023-05-30,194.07,202.15,7533
2023-05-31,125.93,123.42,5727
2023-06-01,142.97,143.97,1681
2023-06-02,187.27,178.28,4932
2023-06-03,184.19,182.71,6560
2023-06-04,118.61,125.26,5016
2023-06-05,180.26,186.37,8339
2023-06-06,145.82,140.31,1719
2023-06-07,148.3,142.82,1074
2023-06-08,113.35,119.7,5157
2023-06-09,108.06,116.67,9511
2023-06-10,172.79,164.7,3149
2023-06-11,149.65,148.65,7713
2023-06-12,143.69,140.44,5207
2023-06-13,172.95,180.36,8141
2023-06-14,176.55,168.22,9652
2023-06-15,115.89,110.11,4936
2023-06-16,161.02,166.07,2075
2023-06-17,113.54,104.57,4876
2023-06-18,175.14,174.99,5615
2023-06-19,165.7,164.54,8265
2023-06-20,195.66,192.35,7379
2023-06-21,106.9,104.79,5652
2023-06-22,105.71,106.31,7792
2023-06-23,128.22,121.45,8456
